insert into combustivel values (1, "GASOLINA");
insert into combustivel values (2, "DIESEL");
insert into combustivel values (3, "GLP");

insert into maquina values (10020876,1, 80,"B1030287" ,"Retro Escavadeira" ,"", 50, 2 );
insert into maquina values (10035504,1, 2,"B1030199" ,"Empilhadeira Hyster 696 - H155" ,"", 2, 3 );
insert into maquina values (10035511,1, 2,"B1030305" ,"Empilhadeira OCC - Crown CG30NXP - 3 ton (Garfo)" ,"", 2, 3 );



insert into reservatorio values (1,1,"Reservatorio Diesel 1", 89, 890, 2);
insert into reservatorio values (2,1,"Reservatorio Glp 1", 89, 890, 3);


insert into abastecedor values (1,1, 356723, "Ricardo Ostrosky");
insert into saida_combustivel VALUES (1, "2023-02-20 00:07:56", 50.0, 1, 2, 10020876, 1);
insert into saida_combustivel VALUES (2, "2023-02-20 00:07:56", 2, 1, 3, 10035504, 2);
insert into saida_combustivel VALUES (3, "2023-02-20 00:07:56", 2, 1, 3, 10035511, 2);
insert into saida_combustivel VALUES (4, "2023-02-20 00:07:56", 50.0, 1, 2, 10020876, 1);
insert into saida_combustivel VALUES (5, "2023-02-20 00:07:56", 50.0, 1, 2, 10020876, 1);
insert into saida_combustivel VALUES (6, "2023-02-20 00:07:56", 50.0, 1, 2, 10020876, 1);
insert into saida_combustivel VALUES (7, "2023-02-20 00:07:56", 50.0, 1, 2, 10020876, 1);
insert into saida_combustivel VALUES (8, "2023-02-20 00:07:56", 50.0, 1, 2, 10020876, 1);
insert into saida_combustivel VALUES (9, "2023-02-20 00:07:56", 50.0, 1, 2, 10020876, 1);
insert into saida_combustivel VALUES (10, "2023-02-20 00:07:56", 50.0, 1, 2, 10020876, 1);
insert into saida_combustivel VALUES (11, "2023-02-20 00:07:56", 50.0, 1, 2, 10020876, 1);
insert into saida_combustivel VALUES (12, "2023-02-20 00:07:56", 50.0, 1, 2, 10020876, 1);
insert into saida_combustivel VALUES (13, "2023-02-20 00:07:56", 50.0, 1, 2, 10020876, 1);
insert into saida_combustivel VALUES (14, "2023-02-20 00:07:56", 50.0, 1, 2, 10020876, 1);
insert into saida_combustivel VALUES (15, "2023-02-20 00:07:56", 50.0, 1, 2, 10020876, 1);


